type,allele,split,broad,allele_code_f2l,allele_code_l2l,allele_code_4l,n_unique_broads,n_unique_splits
hla_a,A*01:01,A1,A1,01,01,01:01,1,0
hla_a,A*01:02,A1,A1,01,02,01:02,1,0
hla_a,A*01:03,A1,A1,01,03,01:03,1,0
hla_a,A*01:06,A1,A1,01,06,01:06,1,0
hla_a,A*01:25,A1,A1,01,25,01:25,1,0
hla_a,A*01:XX,A1,A1,01,XX,01:XX,1,0
hla_a,A*02:01,A2,A2,02,01,02:01,1,0
hla_a,A*02:02,A2,A2,02,02,02:02,1,0
hla_a,A*02:03,A2,A2,02,03,02:03,1,0
hla_a,A*02:04,A2,A2,02,04,02:04,1,0
hla_a,A*02:05,A2,A2,02,05,02:05,1,0
hla_a,A*02:06,A2,A2,02,06,02:06,1,0
hla_a,A*02:07,A2,A2,02,07,02:07,1,0
hla_a,A*02:08,A2,A2,02,08,02:08,1,0
hla_a,A*02:10,A2,A2,02,10,02:10,1,0
hla_a,A*02:11,A2,A2,02,11,02:11,1,0
hla_a,A*02:12,A2,A2,02,12,02:12,1,0
hla_a,A*02:13,A2,A2,02,13,02:13,1,0
hla_a,A*02:14,A2,A2,02,14,02:14,1,0
hla_a,A*02:17,A2,A2,02,17,02:17,1,0
hla_a,A*02:18,A2,A2,02,18,02:18,1,0
hla_a,A*02:20,A2,A2,02,20,02:20,1,0
hla_a,A*02:22,A2,A2,02,22,02:22,1,0
hla_a,A*02:24,A2,A2,02,24,02:24,1,0
hla_a,A*02:27,A2,A2,02,27,02:27,1,0
hla_a,A*02:29,A2,A2,02,29,02:29,1,0
hla_a,A*02:30,A2,A2,02,30,02:30,1,0
hla_a,A*02:35,A2,A2,02,35,02:35,1,0
hla_a,A*02:38,A2,A2,02,38,02:38,1,0
hla_a,A*02:151,A2,A2,02,15,02:15,1,0
hla_a,A*02:XX,A2,A2,02,XX,02:XX,1,0
hla_a,A*03:01,A3,A3,03,01,03:01,1,0
hla_a,A*03:02,A3,A3,03,02,03:02,1,0
hla_a,A*03:05,A3,A3,03,05,03:05,1,0
hla_a,A*03:33,A3,A3,03,33,03:33,1,0
hla_a,A*03:XX,A3,A3,03,XX,03:XX,1,0
hla_a,A*11:01,A11,A11,11,01,11:01,1,0
hla_a,A*11:02,A11,A11,11,02,11:02,1,0
hla_a,A*11:04,A11,A11,11,04,11:04,1,0
hla_a,A*11:05,A11,A11,11,05,11:05,1,0
hla_a,A*11:12,A11,A11,11,12,11:12,1,0
hla_a,A*11:29,A11,A11,11,29,11:29,1,0
hla_a,A*11:XX,A11,A11,11,XX,11:XX,1,0
hla_a,A*23:01,A23,A9,23,01,23:01,1,1
hla_a,A*23:XX,A23,A9,23,XX,23:XX,1,1
hla_a,A*24:02,A24,A9,24,02,24:02,1,1
hla_a,A*24:03,A24,A9,24,03,24:03,1,1
hla_a,A*24:07,A24,A9,24,07,24:07,1,1
hla_a,A*24:29,A24,A9,24,29,24:29,1,1
hla_a,A*24:31,A24,A9,24,31,24:31,1,1
hla_a,A*24:43,A24,A9,24,43,24:43,1,1
hla_a,A*24:56,A24,A9,24,56,24:56,1,1
hla_a,A*24:58,A24,A9,24,58,24:58,1,1
hla_a,A*24:72,A24,A9,24,72,24:72,1,1
hla_a,A*24:xx,A24,A9,24,xx,24:xx,1,1
hla_a,A*25:01,A25,A10,25,01,25:01,1,1
hla_a,A*25:02,A25,A10,25,02,25:02,1,1
hla_a,A*25:XX,A25,A10,25,XX,25:XX,1,1
hla_a,A*26:01,A26,A10,26,01,26:01,1,1
hla_a,A*26:02,A26,A10,26,02,26:02,1,1
hla_a,A*26:03,A26,A10,26,03,26:03,1,1
hla_a,A*26:08,A26,A10,26,08,26:08,1,1
hla_a,A*26:09,A26,A10,26,09,26:09,1,1
hla_a,A*26:15,A26,A10,26,15,26:15,1,1
hla_a,A*26:XX,A26,A10,26,XX,26:XX,1,1
hla_a,A*29:01,A29,A19,29,01,29:01,1,1
hla_a,A*29:02,A29,A19,29,02,29:02,1,1
hla_a,A*29:10,A29,A19,29,10,29:10,1,1
hla_a,A*29:XX,A29,A19,29,XX,29:XX,1,1
hla_a,A*30:01,A30,A19,30,01,30:01,1,1
hla_a,A*30:02,A30,A19,30,02,30:02,1,1
hla_a,A*30:04,A30,A19,30,04,30:04,1,1
hla_a,A*30:10,A30,A19,30,10,30:10,1,1
hla_a,A*30:XX,A30,A19,30,XX,30:XX,1,1
hla_a,A*31:01,A31,A19,31,01,31:01,1,1
hla_a,A*31:08,A31,A19,31,08,31:08,1,1
hla_a,A*31:XX,A31,A19,31,XX,31:XX,1,1
hla_a,A*32:01,A32,A19,32,01,32:01,1,1
hla_a,A*32:03,A32,A19,32,03,32:03,1,1
hla_a,A*32:04,A32,A19,32,04,32:04,1,1
hla_a,A32:XX,A32,A19,32,XX,32:XX,1,1
hla_a,A*33:01,A33,A19,33,01,33:01,1,1
hla_a,A*33:03,A33,A19,33,03,33:03,1,1
hla_a,A*33:05,A33,A19,33,05,33:05,1,1
hla_a,A*33:XX,A33,A19,33,XX,33:XX,1,1
hla_a,A*34:01,A34,A10,34,01,34:01,1,1
hla_a,A*34:02,A34,A10,34,02,34:02,1,1
hla_a,A34:XX,A34,A10,34,XX,34:XX,1,1
hla_a,A*36:01,A36,A36,36,01,36:01,1,0
hla_a,A36:XX,A36,A36,36,XX,36:XX,1,0
hla_a,A*43:01,A43,A43,43,01,43:01,1,0
hla_a,A43:XX,A43,A43,43,XX,43:XX,1,0
hla_a,A*66:01,A66,A10,66,01,66:01,1,1
hla_a,A*66:02,A66,A10,66,02,66:02,1,1
hla_a,A66:XX,A66,A10,66,XX,66:XX,1,1
hla_a,A*68:01,A68,A28,68,01,68:01,1,1
hla_a,A*68:02,A68,A28,68,02,68:02,1,1
hla_a,A*68:03,A68,A28,68,03,68:03,1,1
hla_a,A*68:12,A68,A28,68,12,68:12,1,1
hla_a,A*68:17,A68,A28,68,17,68:17,1,1
hla_a,A*68:24,A68,A28,68,24,68:24,1,1
hla_a,A*68:25,A68,A28,68,25,68:25,1,1
hla_a,A*68:35,A68,A28,68,35,68:35,1,1
hla_a,A*68:37,A68,A28,68,37,68:37,1,1
hla_a,A*68:XX,A68,A28,68,XX,68:XX,1,1
hla_a,A*69:01,A69,A28,69,01,69:01,1,1
hla_a,A*69:XX,A69,A28,69,XX,69:XX,1,1
hla_a,A*74:01,A74,A19,74,01,74:01,1,1
hla_a,A*74:03,A74,A19,74,03,74:03,1,1
hla_a,A*74:06,A74,A19,74,06,74:06,1,1
hla_a,A*74:XX,A74,A19,74,XX,74:XX,1,1
hla_a,A*80:01,A80,A80,80,01,80:01,1,0
hla_a,A*80:XX,A80,A80,80,XX,80:XX,1,0
hla_b,B*07:02,B7,B7,07,02,07:02,1,0
hla_b,B*07:03,B7,B7,07,03,07:03,1,0
hla_b,B*07:04,B7,B7,07,04,07:04,1,0
hla_b,B*07:05,B7,B7,07,05,07:05,1,0
hla_b,B*07:06,B7,B7,07,06,07:06,1,0
hla_b,B*07:07,B7,B7,07,07,07:07,1,0
hla_b,B*07:09,B7,B7,07,09,07:09,1,0
hla_b,B*07:10,B7,B7,07,10,07:10,1,0
hla_b,B*07:14,B7,B7,07,14,07:14,1,0
hla_b,B*07:15,B7,B7,07,15,07:15,1,0
hla_b,B*07:47,B7,B7,07,47,07:47,1,0
hla_b,B*07:XX,B7,B7,07,XX,07:XX,1,0
hla_b,B*08:01,B8,B8,08,01,08:01,1,0
hla_b,B*08:09,B8,B8,08,09,08:09,1,0
hla_b,B*08:18,B8,B8,08,18,08:18,1,0
hla_b,B*08:24,B8,B8,08,24,08:24,1,0
hla_b,B*08:XX,B8,B8,08,XX,08:XX,1,0
hla_b,B*13:01,B13,B13,13,01,13:01,1,0
hla_b,B*13:02,B13,B13,13,02,13:02,1,0
hla_b,B*13:XX,B13,B13,13,XX,13:XX,1,0
hla_b,B*14:01,B64,B14,14,01,14:01,1,2
hla_b,B*14:02,B65,B14,14,02,14:02,1,2
hla_b,B*14:03,B?,B14,14,03,14:03,1,2
hla_b,B*14:XX,B?,B14,14,XX,14:XX,1,2
hla_b,B*15:01,B62,B15,15,01,15:01,1,5
hla_b,B*15:02,B75,B15,15,02,15:02,1,5
hla_b,B*15:03,B72,B70,15,03,15:03,1,2
hla_b,B*15:04,B62,B15,15,04,15:04,1,5
hla_b,B*15:06,B62,B15,15,06,15:06,1,5
hla_b,B*15:07,B62,B15,15,07,15:07,1,5
hla_b,B*15:08,B75,B15,15,08,15:08,1,5
hla_b,B*15:09,B71,B70,15,09,15:09,1,2
hla_b,B*15:10,B71,B70,15,10,15:10,1,2
hla_b,B*15:11,B75,B15,15,11,15:11,1,5
hla_b,B*15:12,B76,B15,15,12,15:12,1,5
hla_b,B*15:13,B77,B15,15,13,15:13,1,5
hla_b,B*15:15,B75,B15,15,15,15:15,1,5
hla_b,B*15:16,B63,B15,15,16,15:16,1,5
hla_b,B*15:17,B63,B15,15,17,15:17,1,5
hla_b,B*15:18,B71,B70,15,18,15:18,1,2
hla_b,B*15:20,B62,B15,15,20,15:20,1,5
hla_b,B*15:21,B75,B15,15,21,15:21,1,5
hla_b,B*15:23,B71,B70,15,23,15:23,1,2
hla_b,B*15:24,B62,B15,15,24,15:24,1,5
hla_b,B*15:25,B62,B15,15,25,15:25,1,5
hla_b,B*15:27,B62,B15,15,27,15:27,1,5
hla_b,B*15:29,B71,B70,15,29,15:29,1,2
hla_b,B*15:30,B62,B15,15,30,15:30,1,5
hla_b,B*15:33,B62,B15,15,33,15:33,1,5
hla_b,B*15:34,B62,B15,15,34,15:34,1,5
hla_b,B*15:35,B62,B15,15,35,15:35,1,5
hla_b,B*15:39,B62,B15,15,39,15:39,1,5
hla_b,B*15:45,B62,B15,15,45,15:45,1,5
hla_b,B*15:71,B62,B15,15,71,15:71,1,5
hla_b,B*15:73,B62,B15,15,73,15:73,1,5
hla_b,B*15:82,B62,B15,15,82,15:82,1,5
hla_b,B*15:125,B62,B15,15,12,15:12,1,5
hla_b,B*15:135,B62,B15,15,13,15:13,1,5
hla_b,B*15:220,B72,B70,15,22,15:22,1,2
hla_b,B*15:XX,B?,B15,15,XX,15:XX,1,5
hla_b,B*18:01,B18,B18,18,01,18:01,1,0
hla_b,B*18:03,B18,B18,18,03,18:03,1,0
hla_b,B*18:04,B18,B18,18,04,18:04,1,0
hla_b,B*18:05,B18,B18,18,05,18:05,1,0
hla_b,B*18:07,B18,B18,18,07,18:07,1,0
hla_b,B*18:14,B18,B18,18,14,18:14,1,0
hla_b,B*18:18,B18,B18,18,18,18:18,1,0
hla_b,B*18:XX,B18,B18,18,XX,18:XX,1,0
hla_b,B*27:01,B27,B27,27,01,27:01,1,0
hla_b,B*27:02,B27,B27,27,02,27:02,1,0
hla_b,B*27:03,B27,B27,27,03,27:03,1,0
hla_b,B*27:04,B27,B27,27,04,27:04,1,0
hla_b,B*27:05,B27,B27,27,05,27:05,1,0
hla_b,B*27:06,B27,B27,27,06,27:06,1,0
hla_b,B*27:07,B27,B27,27,07,27:07,1,0
hla_b,B*27:08,B27,B27,27,08,27:08,1,0
hla_b,B*27:09,B27,B27,27,09,27:09,1,0
hla_b,B*27:10,B27,B27,27,10,27:10,1,0
hla_b,B*27:12,B27,B27,27,12,27:12,1,0
hla_b,B*27:14,B27,B27,27,14,27:14,1,0
hla_b,B*27:51,B27,B27,27,51,27:51,1,0
hla_b,B*27:XX,B27,B27,27,XX,27:XX,1,0
hla_b,B*35:01,B35,B35,35,01,35:01,1,0
hla_b,B*35:02,B35,B35,35,02,35:02,1,0
hla_b,B*35:03,B35,B35,35,03,35:03,1,0
hla_b,B*35:04,B35,B35,35,04,35:04,1,0
hla_b,B*35:05,B35,B35,35,05,35:05,1,0
hla_b,B*35:08,B35,B35,35,08,35:08,1,0
hla_b,B*35:09,B35,B35,35,09,35:09,1,0
hla_b,B*35:12,B35,B35,35,12,35:12,1,0
hla_b,B*35:14,B35,B35,35,14,35:14,1,0
hla_b,B*35:17,B35,B35,35,17,35:17,1,0
hla_b,B*35:19,B35,B35,35,19,35:19,1,0
hla_b,B*35:20,B35,B35,35,20,35:20,1,0
hla_b,B*35:27,B35,B35,35,27,35:27,1,0
hla_b,B*35:29,B35,B35,35,29,35:29,1,0
hla_b,B*35:36,B35,B35,35,36,35:36,1,0
hla_b,B*35:41,B35,B35,35,41,35:41,1,0
hla_b,B*35:43,B35,B35,35,43,35:43,1,0
hla_b,B*35:55,B35,B35,35,55,35:55,1,0
hla_b,B*35:XX,B35,B35,35,XX,35:XX,1,0
hla_b,B*37:01,B37,B37,37,01,37:01,1,0
hla_b,B*37:02,B37,B37,37,02,37:02,1,0
hla_b,B*37:04,B37,B37,37,04,37:04,1,0
hla_b,B37:XX,B37,B37,37,XX,37:XX,1,0
hla_b,B*38:01,B38,B16,38,01,38:01,1,1
hla_b,B*38:02,B38,B16,38,02,38:02,1,1
hla_b,B*38:09,B38,B16,38,09,38:09,1,1
hla_b,B*38:XX,B38,B16,38,XX,38:XX,1,1
hla_b,B*39:01,B39,B16,39,01,39:01,1,1
hla_b,B*39:02,B39,B16,39,02,39:02,1,1
hla_b,B*39:03,B39,B16,39,03,39:03,1,1
hla_b,B*39:05,B39,B16,39,05,39:05,1,1
hla_b,B*39:06,B39,B16,39,06,39:06,1,1
hla_b,B*39:09,B39,B16,39,09,39:09,1,1
hla_b,B*39:10,B39,B16,39,10,39:10,1,1
hla_b,B*39:13,B39,B16,39,13,39:13,1,1
hla_b,B*39:24,B39,B16,39,24,39:24,1,1
hla_b,B*39:31,B39,B16,39,31,39:31,1,1
hla_b,B*39:XX,B39,B16,39,XX,39:XX,1,1
hla_b,B*40:01,B60,B40,40,01,40:01,1,2
hla_b,B*40:02,B61,B40,40,02,40:02,1,2
hla_b,B*40:03,B61,B40,40,03,40:03,1,2
hla_b,B*40:04,B61,B40,40,04,40:04,1,2
hla_b,B*40:05,B?,B40,40,05,40:05,1,2
hla_b,B*40:06,B61,B40,40,06,40:06,1,2
hla_b,B*40:08,B61,B40,40,08,40:08,1,2
hla_b,B*40:12,B48,B48,40,12,40:12,1,0
hla_b,B*40:13,B47,B47,40,13,40:13,1,0
hla_b,B*40:32,B60,B40,40,32,40:32,1,2
hla_b,B*40:XX,B?,B40,40,XX,40:XX,1,2
hla_b,B*41:01,B41,B41,41,01,41:01,1,0
hla_b,B*41:02,B41,B41,41,02,41:02,1,0
hla_b,B*41:XX,B41,B41,41,XX,41:XX,1,0
hla_b,B*42:01,B42,B42,42,01,42:01,1,0
hla_b,B*42:02,B42,B42,42,02,42:02,1,0
hla_b,B*42:05,B42,B42,42,05,42:05,1,0
hla_b,B*42:XX,B42,B42,42,XX,42:XX,1,0
hla_b,B*44:02,B44,B12,44,02,44:02,1,2
hla_b,B*44:03,B44,B12,44,03,44:03,1,2
hla_b,B*44:04,B44,B12,44,04,44:04,1,2
hla_b,B*44:05,B44,B12,44,05,44:05,1,2
hla_b,B*44:06,B44,B12,44,06,44:06,1,2
hla_b,B*44:08,B44,B12,44,08,44:08,1,2
hla_b,B*44:09,B45,B12,44,09,44:09,1,2
hla_b,B*44:21,B44,B12,44,21,44:21,1,2
hla_b,B*44:27,B44,B12,44,27,44:27,1,2
hla_b,B*44:29,B44,B12,44,29,44:29,1,2
hla_b,B*44:XX,B44,B12,44,XX,44:XX,1,2
hla_b,B*45:01,B45,B12,45,01,45:01,1,1
hla_b,B*45:XX,B45,B12,45,XX,45:XX,1,1
hla_b,B*46:01,B46,B46,46,01,46:01,1,0
hla_b,B*46:XX,B46,B46,46,XX,46:XX,1,0
hla_b,B*47:01,B47,B47,47,01,47:01,1,0
hla_b,B*47:02,B47,B47,47,02,47:02,1,0
hla_b,B*47:XX,B47,B47,47,XX,47:XX,1,0
hla_b,B*48:01,B48,B48,48,01,48:01,1,0
hla_b,B*48:02,B48,B48,48,02,48:02,1,0
hla_b,B*48:03,B48,B48,48,03,48:03,1,0
hla_b,B*48:XX,B48,B48,48,XX,48:XX,1,0
hla_b,B*49:01,B49,B21,49,01,49:01,1,1
hla_b,B*49:XX,B49,B21,49,XX,49:XX,1,1
hla_b,B*50:01,B50,B21,50,01,50:01,1,1
hla_b,B*50:02,B45,B12,50,02,50:02,1,1
hla_b,B*50:XX,B50,B21,50,XX,50:XX,1,1
hla_b,B*51:01,B51,B5,51,01,51:01,1,1
hla_b,B*51:02,B51,B5,51,02,51:02,1,1
hla_b,B*51:05,B51,B5,51,05,51:05,1,1
hla_b,B*51:06,B51,B5,51,06,51:06,1,1
hla_b,B*51:07,B51,B5,51,07,51:07,1,1
hla_b,B*51:08,B51,B5,51,08,51:08,1,1
hla_b,B*51:09,B51,B5,51,09,51:09,1,1
hla_b,B*51:22,B51,B5,51,22,51:22,1,1
hla_b,B*51:50,B51,B5,51,50,51:50,1,1
hla_b,B51:XX,B51,B5,51,XX,51:XX,1,1
hla_b,B*52:01,B52,B5,52,01,52:01,1,1
hla_b,B*52:XX,B52,B5,52,XX,52:XX,1,1
hla_b,B*53:01,B53,B53,53,01,53:01,1,0
hla_b,B*53:05,B53,B53,53,05,53:05,1,0
hla_b,B*53:XX,B53,B53,53,XX,53:XX,1,0
hla_b,B*54:01,B54,B22,54,01,54:01,1,1
hla_b,B*54:XX,B54,B22,54,XX,54:XX,1,1
hla_b,B*55:01,B55,B22,55,01,55:01,1,1
hla_b,B*55:02,B55,B22,55,02,55:02,1,1
hla_b,B*55:XX,B55,B22,55,XX,55:XX,1,1
hla_b,B*56:01,B56,B22,56,01,56:01,1,1
hla_b,B*56:03,B56,B22,56,03,56:03,1,1
hla_b,B*56:XX,B56,B22,56,XX,56:XX,1,1
hla_b,B*57:01,B57,B17,57,01,57:01,1,1
hla_b,B*57:02,B57,B17,57,02,57:02,1,1
hla_b,B*57:03,B57,B17,57,03,57:03,1,1
hla_b,B*57:XX,B57,B17,57,XX,57:XX,1,1
hla_b,B*58:01,B58,B17,58,01,58:01,1,1
hla_b,B*58:02,B58,B17,58,02,58:02,1,1
hla_b,B*58:XX,B58,B17,58,XX,58:XX,1,1
hla_b,B*59:01,B59,B59,59,01,59:01,1,0
hla_b,B*59:XX,B59,B59,59,XX,59:XX,1,0
hla_b,B*67:01,B67,B67,67,01,67:01,1,0
hla_b,B*67:XX,B67,B67,67,XX,67:XX,1,0
hla_b,B*73:01,B73,B73,73,01,73:01,1,0
hla_b,B*73:XX,B73,B73,73,XX,73:XX,1,0
hla_b,B*78:01,B78,B78,78,01,78:01,1,0
hla_b,B*78:02,B78,B78,78,02,78:02,1,0
hla_b,B*78:XX,B78,B78,78,XX,78:XX,1,0
hla_b,B*81:01,B81,B81,81,01,81:01,1,0
hla_b,B*81:XX,B81,B81,81,XX,81:XX,1,0
hla_b,B*82:01,B82,B82,82,01,82:01,1,0
hla_b,B*82:02,B82,B82,82,02,82:02,1,0
hla_b,B*82:XX,B82,B82,82,XX,82:XX,1,0
hla_b,B*83:XX,B83,B83,83,XX,83:XX,1,0
hla_c,C*01:02,Cw1,Cw1,01,02,01:02,1,0
hla_c,C*01:03,Cw1,Cw1,01,03,01:03,1,0
hla_c,C*01:07,Cw1,Cw1,01,07,01:07,1,0
hla_c,C*01:XX,Cw1,Cw1,01,XX,01:XX,1,0
hla_c,C*02:02,Cw2,Cw2,02,02,02:02,1,0
hla_c,C*02:06,Cw2,Cw2,02,06,02:06,1,0
hla_c,C*02:07,Cw2,Cw2,02,07,02:07,1,0
hla_c,C*02:10,Cw2,Cw2,02,10,02:10,1,0
hla_c,C*02:XX,Cw2,Cw2,02,XX,02:XX,1,0
hla_c,C*03:02,Cw10,Cw3,03,02,03:02,1,2
hla_c,C*03:03,Cw9,Cw3,03,03,03:03,1,2
hla_c,C*03:04,Cw10,Cw3,03,04,03:04,1,2
hla_c,C*03:05,Cw10,Cw3,03,05,03:05,1,2
hla_c,C*03:06,Cw10,Cw3,03,06,03:06,1,2
hla_c,C*03:07,Cw10,Cw3,03,07,03:07,1,2
hla_c,C*03:09,Cw10,Cw3,03,09,03:09,1,2
hla_c,C*03:10,Cw10,Cw3,03,10,03:10,1,2
hla_c,C*03:14,Cw10,Cw3,03,14,03:14,1,2
hla_c,C*03:16,Cw16,Cw16,03,16,03:16,1,0
hla_c,C*03:19,Cw10,Cw3,03,19,03:19,1,2
hla_c,C*03:44,Cw10,Cw3,03,44,03:44,1,2
hla_c,C*03:XX,C?,Cw3,03,XX,03:XX,1,2
hla_c,C*04:01,Cw4,Cw4,04,01,04:01,1,0
hla_c,C*04:03,Cw4,Cw4,04,03,04:03,1,0
hla_c,C*04:04,Cw4,Cw4,04,04,04:04,1,0
hla_c,C*04:07,Cw4,Cw4,04,07,04:07,1,0
hla_c,C*04:09N,NA,NA,04,09,04:09,0,0
hla_c,C*04:XX,Cw4,Cw4,04,XX,04:XX,1,0
hla_c,C*05:01,Cw5,Cw5,05,01,05:01,1,0
hla_c,C*05:05,Cw5,Cw5,05,05,05:05,1,0
hla_c,C*05:07N,NA,NA,05,07,05:07,0,0
hla_c,C*05:08,Cw5,Cw5,05,08,05:08,1,0
hla_c,C*05:09,Cw5,Cw5,05,09,05:09,1,0
hla_c,C*05:XX,Cw5,Cw5,05,XX,05:XX,1,0
hla_c,C*06:02,Cw6,Cw6,06,02,06:02,1,0
hla_c,C*06:04,Cw6,Cw6,06,04,06:04,1,0
hla_c,C*06:06,Cw6,Cw6,06,06,06:06,1,0
hla_c,C*06:07,Cw6,Cw6,06,07,06:07,1,0
hla_c,C*06:18,Cw6,Cw6,06,18,06:18,1,0
hla_c,C*06:XX,Cw6,Cw6,06,XX,06:XX,1,0
hla_c,C*07:01,Cw7,Cw7,07,01,07:01,1,0
hla_c,C*07:02,Cw7,Cw7,07,02,07:02,1,0
hla_c,C*07:04,Cw7,Cw7,07,04,07:04,1,0
hla_c,C*07:06,Cw7,Cw7,07,06,07:06,1,0
hla_c,C*07:07,Cw7,Cw7,07,07,07:07,1,0
hla_c,C*07:10,Cw7,Cw7,07,10,07:10,1,0
hla_c,C*07:12,Cw7,Cw7,07,12,07:12,1,0
hla_c,C*07:15,Cw7,Cw7,07,15,07:15,1,0
hla_c,C*07:17,Cw7,Cw7,07,17,07:17,1,0
hla_c,C*07:18,Cw7,Cw7,07,18,07:18,1,0
hla_c,C*07:19,Cw7,Cw7,07,19,07:19,1,0
hla_c,C*07:22,Cw7,Cw7,07,22,07:22,1,0
hla_c,C*07:25,Cw7,Cw7,07,25,07:25,1,0
hla_c,C*07:27,Cw7,Cw7,07,27,07:27,1,0
hla_c,C*07:36,Cw7,Cw7,07,36,07:36,1,0
hla_c,C*07:40,Cw7,Cw7,07,40,07:40,1,0
hla_c,C*07:46,Cw7,Cw7,07,46,07:46,1,0
hla_c,C*07:60,Cw7,Cw7,07,60,07:60,1,0
hla_c,C*07:68,Cw7,Cw7,07,68,07:68,1,0
hla_c,C*07:XX,Cw7,Cw7,07,XX,07:XX,1,0
hla_c,C*08:01,Cw8,Cw8,08,01,08:01,1,0
hla_c,C*08:02,Cw8,Cw8,08,02,08:02,1,0
hla_c,C*08:03,Cw8,Cw8,08,03,08:03,1,0
hla_c,C*08:04,Cw8,Cw8,08,04,08:04,1,0
hla_c,C*08:XX,Cw8,Cw8,08,XX,08:XX,1,0
hla_c,C*12:02,Cw12,Cw12,12,02,12:02,1,0
hla_c,C*12:03,Cw12,Cw12,12,03,12:03,1,0
hla_c,C*12:04,Cw12,Cw12,12,04,12:04,1,0
hla_c,C*12:05,Cw12,Cw12,12,05,12:05,1,0
hla_c,C*12:13,Cw12,Cw12,12,13,12:13,1,0
hla_c,C*12:16,Cw12,Cw12,12,16,12:16,1,0
hla_c,C*12:30,Cw12,Cw12,12,30,12:30,1,0
hla_c,C*12:34,Cw12,Cw12,12,34,12:34,1,0
hla_c,C*12:XX,Cw12,Cw12,12,XX,12:XX,1,0
hla_c,C*13:XX,Cw13,Cw13,13,XX,13:XX,1,0
hla_c,C*14:02,Cw14,Cw14,14,02,14:02,1,0
hla_c,C*14:03,Cw14,Cw14,14,03,14:03,1,0
hla_c,C*14:04,Cw14,Cw14,14,04,14:04,1,0
hla_c,C*14:05,Cw14,Cw14,14,05,14:05,1,0
hla_c,C*14:11,Cw14,Cw14,14,11,14:11,1,0
hla_c,C*14:XX,Cw14,Cw14,14,XX,14:XX,1,0
hla_c,C*15:02,Cw15,Cw15,15,02,15:02,1,0
hla_c,C*15:04,Cw15,Cw15,15,04,15:04,1,0
hla_c,C*15:05,Cw15,Cw15,15,05,15:05,1,0
hla_c,C*15:06,Cw15,Cw15,15,06,15:06,1,0
hla_c,C*15:09,Cw15,Cw15,15,09,15:09,1,0
hla_c,C*15:11,Cw16,Cw16,15,11,15:11,1,0
hla_c,C*15:13,Cw15,Cw15,15,13,15:13,1,0
hla_c,C*15:XX,Cw15,Cw15,15,XX,15:XX,1,0
hla_c,C*16:01,Cw16,Cw16,16,01,16:01,1,0
hla_c,C*16:02,Cw16,Cw16,16,02,16:02,1,0
hla_c,C*16:04,Cw16,Cw16,16,04,16:04,1,0
hla_c,C*16:XX,Cw16,Cw16,16,XX,16:XX,1,0
hla_c,C*17:01,Cw17,Cw17,17,01,17:01,1,0
hla_c,C*17:03,Cw17,Cw17,17,03,17:03,1,0
hla_c,C*17:XX,Cw17,Cw17,17,XX,17:XX,1,0
hla_c,C*18:01,Cw18,Cw18,18,01,18:01,1,0
hla_c,C*18:02,Cw18,Cw18,18,02,18:02,1,0
hla_c,C*18:XX,Cw18,Cw18,18,XX,18:XX,1,0
hla_dpa,DPA1*01:03,DPA-01,DPA-01,01,03,01:03,1,0
hla_dpa,DPA1*01:04,DPA-01,DPA-01,01,04,01:04,1,0
hla_dpa,DPA1*01:05,DPA-01,DPA-01,01,05,01:05,1,0
hla_dpa,DPA1*01:58,DPA-01,DPA-01,01,58,01:58,1,0
hla_dpa,DPA1*02:01,DPA-02,DPA-02,02,01,02:01,1,0
hla_dpa,DPA1*02:02,DPA-02,DPA-02,02,02,02:02,1,0
hla_dpa,DPA1*02:03,DPA-02,DPA-02,02,03,02:03,1,0
hla_dpa,DPA1*02:06,DPA-02,DPA-02,02,06,02:06,1,0
hla_dpa,DPA1*02:07,DPA-02,DPA-02,02,07,02:07,1,0
hla_dpa,DPA1*02:12,DPA-02,DPA-02,02,12,02:12,1,0
hla_dpa,DPA1*03:01,DPA-01,DPA-01,03,01,03:01,1,0
hla_dpa,DPA1*03:05Q,DPA-01,DPA-01,03,05,03:05,1,0
hla_dpa,DPA1*04:01,DPA-02,DPA-02,04,01,04:01,1,0
hla_dpa,DPA1*04:02,DPA-02,DPA-02,04,02,04:02,1,0
hla_dpa,DPA1*XX:XX,NA,NA,NA,NA,NA,0,0
hla_dpb,DPB1*01:01,DP-01,DP-01,01,01,01:01,1,0
hla_dpb,DPB1*02:01,DP-0201,DP-0201,02,01,02:01,1,0
hla_dpb,DPB1*02:02,DP-0202,DP-0202,02,02,02:02,1,0
hla_dpb,DPB1*03:01,DP-03,DP-03,03,01,03:01,1,0
hla_dpb,DPB1*04:01,DP-0401,DP-0401,04,01,04:01,1,0
hla_dpb,DPB1*04:02,DP-0402,DP-0402,04,02,04:02,1,0
hla_dpb,DPB1*05:01,DP-01,DP-01,05,01,05:01,1,0
hla_dpb,DPB1*06:01,DP-06,DP-06,06,01,06:01,1,0
hla_dpb,DPB1*09:01,DP-06,DP-06,09,01,09:01,1,0
hla_dpb,DPB1*10:01,DP-10,DP-10,10,01,10:01,1,0
hla_dpb,DPB1*11:01,DP-01,DP-01,11,01,11:01,1,0
hla_dpb,DPB1*13:01,DP-13,DP-13,13,01,13:01,1,0
hla_dpb,DPB1*14:01,DP-03,DP-03,14,01,14:01,1,0
hla_dpb,DPB1*15:01,DP-15,DP-15,15,01,15:01,1,0
hla_dpb,DPB1*16:01,DP-10,DP-10,16,01,16:01,1,0
hla_dpb,DPB1*17:01,DP-06,DP-06,17,01,17:01,1,0
hla_dpb,DPB1*18:01,DP-18,DP-18,18,01,18:01,1,0
hla_dpb,DPB1*19:01,DP-13,DP-13,19,01,19:01,1,0
hla_dpb,DPB1*20:01,DP-03,DP-03,20,01,20:01,1,0
hla_dpb,DPB1*21:01,DP-13,DP-13,21,01,21:01,1,0
hla_dpb,DPB1*23:01,DP-0401,DP-0401,23,01,23:01,1,0
hla_dpb,DPB1*24:01,DP-0401,DP-0401,24,01,24:01,1,0
hla_dpb,DPB1*25:01,DP-45,DP-45,25,01,25:01,1,0
hla_dpb,DPB1*26:01,DP-01,DP-01,26,01,26:01,1,0
hla_dpb,DPB1*28:01,DP-18,DP-18,28,01,28:01,1,0
hla_dpb,DPB1*29:01,DP-06,DP-06,29,01,29:01,1,0
hla_dpb,DPB1*30:01,DP-13,DP-13,30,01,30:01,1,0
hla_dpb,DPB1*31:01,DP-01,DP-01,31,01,31:01,1,0
hla_dpb,DPB1*33:01,DP-0202,DP-0202,33,01,33:01,1,0
hla_dpb,DPB1*34:01,DP-15,DP-15,34,01,34:01,1,0
hla_dpb,DPB1*35:01,DP-03,DP-03,35,01,35:01,1,0
hla_dpb,DPB1*36:01,DP-01,DP-01,36,01,36:01,1,0
hla_dpb,DPB1*39:01,DP-0401,DP-0401,39,01,39:01,1,0
hla_dpb,DPB1*40:01,DP-15,DP-15,40,01,40:01,1,0
hla_dpb,DPB1*41:01,DP-0201,DP-0201,41,01,41:01,1,0
hla_dpb,DPB1*45:01,DP-45,DP-45,45,01,45:01,1,0
hla_dpb,DPB1*46:01,DP-46,DP-46,46,01,46:01,1,0
hla_dpb,DPB1*47:01,DP-0202,DP-0202,47,01,47:01,1,0
hla_dpb,DPB1*50:01,DP-03,DP-03,50,01,50:01,1,0
hla_dpb,DPB1*51:01,DP-0402,DP-0402,51,01,51:01,1,0
hla_dpb,DPB1*52:01,DP-01,DP-01,52,01,52:01,1,0
hla_dpb,DPB1*57:01,DP-03,DP-03,57,01,57:01,1,0
hla_dpb,DPB1*59:01,DP-0402,DP-0402,59,01,59:01,1,0
hla_dpb,DPB1*63:01,DP-01,DP-01,63,01,63:01,1,0
hla_dpb,DPB1*71:01,DP-0202,DP-0202,71,01,71:01,1,0
hla_dpb,DPB1*78:01,DP-03,DP-03,78,01,78:01,1,0
hla_dpb,DPB1*80:01,DP-80,DP-80,80,01,80:01,1,0
hla_dpb,DPB1*81:01,DP-0201,DP-0201,81,01,81:01,1,0
hla_dpb,DPB1*85:01,DP-01,DP-01,85,01,85:01,1,0
hla_dpb,DPB1*88:01,DP-06,DP-06,88,01,88:01,1,0
hla_dpb,DPB1*92:01,DP-03,DP-03,92,01,92:01,1,0
hla_dpb,DPB1*104:01,DP-03,DP-03,104,01,104:01,1,0
hla_dpb,DPB1*105:01,DP-0402,DP-0402,105,01,105:01,1,0
hla_dpb,DPB1*106:01,DP-13,DP-13,106,01,106:01,1,0
hla_dpb,DPB1*107:01,DP-13,DP-13,107,01,107:01,1,0
hla_dpb,DPB1*109:01,DP-0201,DP-0201,109,01,109:01,1,0
hla_dpb,DPB1*115:01,DP-0201,DP-0201,115,01,115:01,1,0
hla_dpb,DPB1*124:01,DP-03,DP-03,124,01,124:01,1,0
hla_dpb,DPB1*126:01,DP-0401,DP-0401,126,01,126:01,1,0
hla_dpb,DPB1*127:01,DP-01,DP-01,127,01,127:01,1,0
hla_dpb,DPB1*128:01,DP-0401,DP-0401,128,01,128:01,1,0
hla_dpb,DPB1*130:01,DP-03,DP-03,130,01,130:01,1,0
hla_dpb,DPB1*131:01,DP-06,DP-06,131,01,131:01,1,0
hla_dpb,DPB1*133:01,DP-13,DP-13,133,01,133:01,1,0
hla_dpb,DPB1*138:01,DP-0401,DP-0401,138,01,138:01,1,0
hla_dpb,DPB1*190:01,DP-0402,DP-0402,190,01,190:01,1,0
hla_dpb,DPB1*191:01,DP-0201,DP-0201,191,01,191:01,1,0
hla_dpb,DPB1*260:01,DP-0402,DP-0402,260,01,260:01,1,0
hla_dpb,DPB1*296:01,DP-18,DP-18,296,01,296:01,1,0
hla_dpb,DPB1*350:01,DP-0401,DP-0401,350,01,350:01,1,0
hla_dpb,DPB1*416:01,DP-0201,DP-0201,416,01,416:01,1,0
hla_dpb,DPB1*463:01,DP-0402,DP-0402,463,01,463:01,1,0
hla_dpb,DPB1*464:01,DP-0401,DP-0401,464,01,464:01,1,0
hla_dpb,DPB1*535:01,DP-13,DP-13,535,01,535:01,1,0
hla_dpb,DPB1*XX:XX,NA,NA,NA,NA,NA,0,0
hla_dqa,DQA1*01:01,DQA-01,DQA-01,01,01,01:01,1,0
hla_dqa,DQA1*01:02,DQA-01,DQA-01,01,02,01:02,1,0
hla_dqa,DQA1*01:03,DQA-01,DQA-01,01,03,01:03,1,0
hla_dqa,DQA1*01:04,DQA-01,DQA-01,01,04,01:04,1,0
hla_dqa,DQA1*01:05,DQA-01,DQA-01,01,05,01:05,1,0
hla_dqa,DQA1*01:07Q,DQA-01,DQA-01,01,07,01:07,1,0
hla_dqa,DQA1*01:10,DQA-01,DQA-01,01,10,01:10,1,0
hla_dqa,DQA1*01:XX,DQA-01,DQA-01,01,XX,01:XX,1,0
hla_dqa,DQA1*02:01,DQA-02,DQA-02,02,01,02:01,1,0
hla_dqa,DQA1*02:XX,DQA-02,DQA-02,02,XX,02:XX,1,0
hla_dqa,DQA1*03:01,DQA-03,DQA-03,03,01,03:01,1,0
hla_dqa,DQA1*03:02,DQA-03,DQA-03,03,02,03:02,1,0
hla_dqa,DQA1*03:03,DQA-03,DQA-03,03,03,03:03,1,0
hla_dqa,DQA1*03:XX,DQA-03,DQA-03,03,XX,03:XX,1,0
hla_dqa,DQA1*04:01,DQA-04,DQA-04,04,01,04:01,1,0
hla_dqa,DQA1*04:02,DQA-04,DQA-04,04,02,04:02,1,0
hla_dqa,DQA1*04:XX,DQA-04,DQA-04,04,XX,04:XX,1,0
hla_dqa,DQA1*05:01,DQA-05,DQA-05,05,01,05:01,1,0
hla_dqa,DQA1*05:02,DQA-05,DQA-05,05,02,05:02,1,0
hla_dqa,DQA1*05:03,DQA-05,DQA-05,05,03,05:03,1,0
hla_dqa,DQA1*05:05,DQA-05,DQA-05,05,05,05:05,1,0
hla_dqa,DQA1*05:09,DQA-05,DQA-05,05,09,05:09,1,0
hla_dqa,DQA1*05:10,DQA-05,DQA-05,05,10,05:10,1,0
hla_dqa,DQA1*05:XX,DQA-05,DQA-05,05,XX,05:XX,1,0
hla_dqa,DQA1*06:01,DQA-06,DQA-06,06,01,06:01,1,0
hla_dqa,DQA1*06:02,DQA-06,DQA-06,06,02,06:02,1,0
hla_dqa,DQA1*06:XX,DQA-06,DQA-06,06,XX,06:XX,1,0
hla_dqb,DQB1*02:01,DQ2,DQ2,02,01,02:01,1,0
hla_dqb,DQB1*02:02,DQ2,DQ2,02,02,02:02,1,0
hla_dqb,DQB1*02:10,DQ2,DQ2,02,10,02:10,1,0
hla_dqb,DQB1*02:14,DQ2,DQ2,02,14,02:14,1,0
hla_dqb,DQB1*02:53Q,DQ2,DQ2,02,53,02:53,1,0
hla_dqb,DQB1*02:XX,DQ2,DQ2,02,XX,02:XX,1,0
hla_dqb,DQB1*03:01,DQ7,DQ3,03,01,03:01,1,3
hla_dqb,DQB1*03:02,DQ8,DQ3,03,02,03:02,1,3
hla_dqb,DQB1*03:03,DQ9,DQ3,03,03,03:03,1,3
hla_dqb,DQB1*03:04,DQ7,DQ3,03,04,03:04,1,3
hla_dqb,DQB1*03:05,DQ8,DQ3,03,05,03:05,1,3
hla_dqb,DQB1*03:09,DQ7,DQ3,03,09,03:09,1,3
hla_dqb,DQB1*03:12,DQ9,DQ3,03,12,03:12,1,3
hla_dqb,DQB1*03:19,DQ7,DQ3,03,19,03:19,1,3
hla_dqb,DQB1*03:XX,DQ?,DQ3,03,XX,03:XX,1,3
hla_dqb,DQB1*04:01,DQ4,DQ4,04,01,04:01,1,0
hla_dqb,DQB1*04:02,DQ4,DQ4,04,02,04:02,1,0
hla_dqb,DQB1*04:XX,DQ4,DQ4,04,XX,04:XX,1,0
hla_dqb,DQB1*05:01,DQ5,DQ1,05,01,05:01,1,1
hla_dqb,DQB1*05:02,DQ5,DQ1,05,02,05:02,1,1
hla_dqb,DQB1*05:03,DQ5,DQ1,05,03,05:03,1,1
hla_dqb,DQB1*05:04,DQ5,DQ1,05,04,05:04,1,1
hla_dqb,DQB1*05:XX,DQ5,DQ1,05,XX,05:XX,1,1
hla_dqb,DQB1*06:01,DQ6,DQ1,06,01,06:01,1,1
hla_dqb,DQB1*06:02,DQ6,DQ1,06,02,06:02,1,1
hla_dqb,DQB1*06:03,DQ6,DQ1,06,03,06:03,1,1
hla_dqb,DQB1*06:04,DQ6,DQ1,06,04,06:04,1,1
hla_dqb,DQB1*06:07,DQ6,DQ1,06,07,06:07,1,1
hla_dqb,DQB1*06:09,DQ6,DQ1,06,09,06:09,1,1
hla_dqb,DQB1*06:11,DQ6,DQ1,06,11,06:11,1,1
hla_dqb,DQB1*06:13,DQ6,DQ1,06,13,06:13,1,1
hla_dqb,DQB1*06:14,DQ6,DQ1,06,14,06:14,1,1
hla_dqb,DQB1*06:16,DQ6,DQ1,06,16,06:16,1,1
hla_dqb,DQB1*06:21,DQ6,DQ1,06,21,06:21,1,1
hla_dqb,DQB1*06:33,DQ6,DQ1,06,33,06:33,1,1
hla_dqb,DQB1*06:39,DQ6,DQ1,06,39,06:39,1,1
hla_dqb,DQB1*06:41,DQ6,DQ1,06,41,06:41,1,1
hla_dqb,DQB1*06:44,DQ6,DQ1,06,44,06:44,1,1
hla_dqb,DQB1*06:49,DQ6,DQ1,06,49,06:49,1,1
hla_dqb,DQB1*06:84,DQ6,DQ1,06,84,06:84,1,1
hla_dqb,DQB1*06:XX,DQ6,DQ1,06,XX,06:XX,1,1
hla_dr,DRB1*01:01,DR1,DR1,01,01,01:01,1,0
hla_dr,DRB1*01:02,DR1,DR1,01,02,01:02,1,0
hla_dr,DR103,DR1,DR1,01,03,01:03,1,0
hla_dr,DRB1*01:03,DR1,DR1,01,03,01:03,1,0
hla_dr,DRB1*01:07,DR1,DR1,01,07,01:07,1,0
hla_dr,DRB1*01:XX,DR1,DR1,01,XX,01:XX,1,0
hla_dr,DRB1*03:01,DR17,DR3,03,01,03:01,1,2
hla_dr,DRB1*03:02,DR18,DR3,03,02,03:02,1,2
hla_dr,DRB1*03:03,DR18,DR3,03,03,03:03,1,2
hla_dr,DRB1*03:04,DR17,DR3,03,04,03:04,1,2
hla_dr,DRB1*03:05,DR17,DR3,03,05,03:05,1,2
hla_dr,DRB1*03:06,DR17,DR3,03,06,03:06,1,2
hla_dr,DRB1*03:13,DR17,DR3,03,13,03:13,1,2
hla_dr,DRB1*03:15,DR17,DR3,03,15,03:15,1,2
hla_dr,DRB1*03:23,DR17,DR3,03,23,03:23,1,2
hla_dr,DRB1*03:XX,DR?,DR3,03,XX,03:XX,1,2
hla_dr,DRB1*04:01,DR4,DR4,04,01,04:01,1,0
hla_dr,DRB1*04:02,DR4,DR4,04,02,04:02,1,0
hla_dr,DRB1*04:03,DR4,DR4,04,03,04:03,1,0
hla_dr,DRB1*04:04,DR4,DR4,04,04,04:04,1,0
hla_dr,DRB1*04:05,DR4,DR4,04,05,04:05,1,0
hla_dr,DRB1*04:06,DR4,DR4,04,06,04:06,1,0
hla_dr,DRB1*04:07,DR4,DR4,04,07,04:07,1,0
hla_dr,DRB1*04:08,DR4,DR4,04,08,04:08,1,0
hla_dr,DRB1*04:09,DR4,DR4,04,09,04:09,1,0
hla_dr,DRB1*04:10,DR4,DR4,04,10,04:10,1,0
hla_dr,DRB1*04:11,DR4,DR4,04,11,04:11,1,0
hla_dr,DRB1*04:13,DR4,DR4,04,13,04:13,1,0
hla_dr,DRB1*04:14,DR4,DR4,04,14,04:14,1,0
hla_dr,DRB1*04:38,DR4,DR4,04,38,04:38,1,0
hla_dr,DRB1*04:50,DR4,DR4,04,50,04:50,1,0
hla_dr,DRB1*04:XX,DR4,DR4,04,XX,04:XX,1,0
hla_dr,DRB1*07:01,DR7,DR7,07,01,07:01,1,0
hla_dr,DRB1*07:05,DR7,DR7,07,05,07:05,1,0
hla_dr,DRB1*07:07,DR7,DR7,07,07,07:07,1,0
hla_dr,DRB1*07:34,DR7,DR7,07,34,07:34,1,0
hla_dr,DRB1*07:XX,DR7,DR7,07,XX,07:XX,1,0
hla_dr,DRB1*08:01,DR8,DR8,08,01,08:01,1,0
hla_dr,DRB1*08:02,DR8,DR8,08,02,08:02,1,0
hla_dr,DRB1*08:03,DR8,DR8,08,03,08:03,1,0
hla_dr,DRB1*08:04,DR8,DR8,08,04,08:04,1,0
hla_dr,DRB1*08:06,DR8,DR8,08,06,08:06,1,0
hla_dr,DRB1*08:07,DR8,DR8,08,07,08:07,1,0
hla_dr,DRB1*08:10,DR8,DR8,08,10,08:10,1,0
hla_dr,DRB1*08:11,DR8,DR8,08,11,08:11,1,0
hla_dr,DRB1*08:17,DR8,DR8,08,17,08:17,1,0
hla_dr,DRB1*08:XX,DR8,DR8,08,XX,08:XX,1,0
hla_dr,DRB1*09:01,DR9,DR9,09,01,09:01,1,0
hla_dr,DRB1*09:02,DR9,DR9,09,02,09:02,1,0
hla_dr,DRB1*09:XX,DR9,DR9,09,XX,09:XX,1,0
hla_dr,DRB1*10:01,DR10,DR10,10,01,10:01,1,0
hla_dr,DRB1*10:XX,DR10,DR10,10,XX,10:XX,1,0
hla_dr,DRB1*11:01,DR11,DR5,11,01,11:01,1,1
hla_dr,DRB1*11:02,DR11,DR5,11,02,11:02,1,1
hla_dr,DRB1*11:03,DR11,DR5,11,03,11:03,1,1
hla_dr,DRB1*11:04,DR11,DR5,11,04,11:04,1,1
hla_dr,DRB1*11:06,DR11,DR5,11,06,11:06,1,1
hla_dr,DRB1*11:08,DR11,DR5,11,08,11:08,1,1
hla_dr,DRB1*11:09,DR11,DR5,11,09,11:09,1,1
hla_dr,DRB1*11:11,DR11,DR5,11,11,11:11,1,1
hla_dr,DRB1*11:12,DR11,DR5,11,12,11:12,1,1
hla_dr,DRB1*11:13,DR11,DR5,11,13,11:13,1,1
hla_dr,DRB1*11:14,DR11,DR5,11,14,11:14,1,1
hla_dr,DRB1*11:15,DR11,DR5,11,15,11:15,1,1
hla_dr,DRB1*11:19,DR11,DR5,11,19,11:19,1,1
hla_dr,DRB1*11:24,DR11,DR5,11,24,11:24,1,1
hla_dr,DRB1*11:27,DR11,DR5,11,27,11:27,1,1
hla_dr,DRB1*11:28,DR11,DR5,11,28,11:28,1,1
hla_dr,DRB1*11:29,DR11,DR5,11,29,11:29,1,1
hla_dr,DRB1*11:34,DR11,DR5,11,34,11:34,1,1
hla_dr,DRB1*11:36,DR11,DR5,11,36,11:36,1,1
hla_dr,DRB1*11:39,DR11,DR5,11,39,11:39,1,1
hla_dr,DRB1*11:43,DR11,DR5,11,43,11:43,1,1
hla_dr,DRB1*11:XX,DR11,DR5,11,XX,11:XX,1,1
hla_dr,DRB1*12:01,DR12,DR5,12,01,12:01,1,1
hla_dr,DRB1*12:02,DR12,DR5,12,02,12:02,1,1
hla_dr,DRB1*12:03,DR12,DR5,12,03,12:03,1,1
hla_dr,DRB1*12:XX,DR12,DR5,12,XX,12:XX,1,1
hla_dr,DRB1*13:01,DR13,DR6,13,01,13:01,1,1
hla_dr,DRB1*13:02,DR13,DR6,13,02,13:02,1,1
hla_dr,DRB1*13:03,DR13,DR6,13,03,13:03,1,1
hla_dr,DRB1*13:04,DR13,DR6,13,04,13:04,1,1
hla_dr,DRB1*13:05,DR13,DR6,13,05,13:05,1,1
hla_dr,DRB1*13:06,DR13,DR6,13,06,13:06,1,1
hla_dr,DRB1*13:10,DR13,DR6,13,10,13:10,1,1
hla_dr,DRB1*13:11,DR13,DR6,13,11,13:11,1,1
hla_dr,DRB1*13:14,DR13,DR6,13,14,13:14,1,1
hla_dr,DRB1*13:15,DR13,DR6,13,15,13:15,1,1
hla_dr,DRB1*13:18,DR13,DR6,13,18,13:18,1,1
hla_dr,DRB1*13:19,DR13,DR6,13,19,13:19,1,1
hla_dr,DRB1*13:21,DR13,DR6,13,21,13:21,1,1
hla_dr,DRB1*13:22,DR13,DR6,13,22,13:22,1,1
hla_dr,DRB1*13:38,DR13,DR6,13,38,13:38,1,1
hla_dr,DRB1*13:XX,DR13,DR6,13,XX,13:XX,1,1
hla_dr,DRB1*14:01,DR14,DR6,14,01,14:01,1,2
hla_dr,DRB1*14:02,DR14,DR6,14,02,14:02,1,2
hla_dr,DRB1*14:03,DR14,DR6,14,03,14:03,1,2
hla_dr,DRB1*14:04,DR14,DR6,14,04,14:04,1,2
hla_dr,DRB1*14:05,DR14,DR6,14,05,14:05,1,2
hla_dr,DRB1*14:06,DR14,DR6,14,06,14:06,1,2
hla_dr,DRB1*14:07,DR14,DR6,14,07,14:07,1,2
hla_dr,DRB1*14:16,DR13,DR6,14,16,14:16,1,2
hla_dr,DRB1*14:17,DR14,DR6,14,17,14:17,1,2
hla_dr,DRB1*14:21,DR14,DR6,14,21,14:21,1,2
hla_dr,DRB1*14:54,DR14,DR6,14,54,14:54,1,2
hla_dr,DRB1*14:XX,DR14,DR6,14,XX,14:XX,1,2
hla_dr,DRB1*15:01,DR15,DR2,15,01,15:01,1,1
hla_dr,DRB1*15:02,DR15,DR2,15,02,15:02,1,1
hla_dr,DRB1*15:03,DR15,DR2,15,03,15:03,1,1
hla_dr,DRB1*15:04,DR15,DR2,15,04,15:04,1,1
hla_dr,DRB1*15:06,DR15,DR2,15,06,15:06,1,1
hla_dr,DRB1*15:07,DR15,DR2,15,07,15:07,1,1
hla_dr,DRB1*15:18,DR15,DR2,15,18,15:18,1,1
hla_dr,DRB1*15:XX,DR15,DR2,15,XX,15:XX,1,1
hla_dr,DRB1*16:01,DR16,DR2,16,01,16:01,1,1
hla_dr,DRB1*16:02,DR16,DR2,16,02,16:02,1,1
hla_dr,DRB1*16:05,DR16,DR2,16,05,16:05,1,1
hla_dr,DRB1*16:XX,DR16,DR2,16,XX,16:XX,1,1
hla_drb345,DRB3*01:01,DR52,DR52,01,01,01:01,1,0
hla_drb345,DRB3*01:02,DR52,DR52,01,02,01:02,1,0
hla_drb345,DRB3*01:16,DR52,DR52,01,16,01:16,1,0
hla_drb345,DRB3*01:XX,DR52,DR52,01,XX,01:XX,1,0
hla_drb345,DRB3*02,DR52,DR52,02,01,02:01,1,0
hla_drb345,DRB3*02:01,DR52,DR52,02,01,02:01,1,0
hla_drb345,DRB3*02:02,DR52,DR52,02,02,02:02,1,0
hla_drb345,DRB3*02:03,DR52,DR52,02,03,02:03,1,0
hla_drb345,DRB3*02:04,DR52,DR52,02,04,02:04,1,0
hla_drb345,DRB3*02:05,DR52,DR52,02,05,02:05,1,0
hla_drb345,DRB3*02:06,DR52,DR52,02,06,02:06,1,0
hla_drb345,DRB3*02:09,DR52,DR52,02,09,02:09,1,0
hla_drb345,DRB3*02:10,DR52,DR52,02,10,02:10,1,0
hla_drb345,DRB3*02:11,DR52,DR52,02,11,02:11,1,0
hla_drb345,DRB3*02:12,DR52,DR52,02,12,02:12,1,0
hla_drb345,DRB3*02:13,DR52,DR52,02,13,02:13,1,0
hla_drb345,DRB3*02:16,DR52,DR52,02,16,02:16,1,0
hla_drb345,DRB3*02:17,DR52,DR52,02,17,02:17,1,0
hla_drb345,DRB3*02:19,DR52,DR52,02,19,02:19,1,0
hla_drb345,DRB3*02:21,DR52,DR52,02,21,02:21,1,0
hla_drb345,DRB3*02:22,DR52,DR52,02,22,02:22,1,0
hla_drb345,DRB3*02:23,DR52,DR52,02,23,02:23,1,0
hla_drb345,DRB3*02:24,DR52,DR52,02,24,02:24,1,0
hla_drb345,DRB3*02:25,DR52,DR52,02,25,02:25,1,0
hla_drb345,DRB3*02:32,DR52,DR52,02,32,02:32,1,0
hla_drb345,DRB3*02:XX,DR52,DR52,02,XX,02:XX,1,0
hla_drb345,DRB3*03:01,DR52,DR52,03,01,03:01,1,0
hla_drb345,DRB3*03:02,DR52,DR52,03,02,03:02,1,0
hla_drb345,DRB3*03:XX,DR52,DR52,03,XX,03:XX,1,0
hla_drb345,DRB3:XX,DR52,DR52,03,XX,03:XX,1,0
hla_drb345,DRB4*01:01,DR53,DR53,01,01,01:01,1,0
hla_drb345,DRB4*01:02,DR53,DR53,01,02,01:02,1,0
hla_drb345,DRB4*01:03,DR53,DR53,01,03,01:03,1,0
hla_drb345,DRB4*01:03N,NA,NA,01,03,01:03,0,0
hla_drb345,DRB4*01:05,DR53,DR53,01,05,01:05,1,0
hla_drb345,DRB4*01:07,DR53,DR53,01,07,01:07,1,0
hla_drb345,DRB4*01:15,DR53,DR53,01,15,01:15,1,0
hla_drb345,DRB4*01:17,DR53,DR53,01,17,01:17,1,0
hla_drb345,DRB4*01:20,DR53,DR53,01,20,01:20,1,0
hla_drb345,DRB4*01,DR53,DR53,01,XX,01:XX,1,0
hla_drb345,DRB4*01:XX,DR53,DR53,01,XX,01:XX,1,0
hla_drb345,DRB4*02:01N,NA,NA,02,01,02:01,0,0
hla_drb345,DRB4*03:01N,NA,NA,03,01,03:01,0,0
hla_drb345,DRB4*XX,NA,NA,XX,XX,XX:XX,0,0
hla_drb345,DRB5*01:01,DR51,DR51,01,01,01:01,1,0
hla_drb345,DRB5*01:02,DR51,DR51,01,02,01:02,1,0
hla_drb345,DRB5*01:05,DR51,DR51,01,05,01:05,1,0
hla_drb345,DRB5*01:08N,NA,NA,01,08,01:08,0,0
hla_drb345,DRB5*01:10N,NA,NA,01,10,01:10,0,0
hla_drb345,DRB5*01:XX,DR51,DR51,01,XX,01:XX,1,0
hla_drb345,DRB5*02:02,DR51,DR51,02,02,02:02,1,0
hla_drb345,DRB5*02:03,DR51,DR51,02,03,02:03,1,0
hla_drb345,DRB5*02:04,DR51,DR51,02,04,02:04,1,0
hla_drb345,DRB5*02:06,DR51,DR51,02,06,02:06,1,0
hla_drb345,DRB5*02:XX,DR51,DR51,02,XX,02:XX,1,0
hla_drb345,DRB5*XX,DR51,DR51,XX,XX,XX:XX,1,0
